Student ID,Cohort
1,204C
2,104C
3,204C
4,204A
5,402B
6,104A
7,204C
8,204B
9,004A
10,502A
11,204C
12,502C
13,501A
14,002C
15,104B
16,204B
17,402A
18,201B
19,103B
20,103C
21,203A
22,502B
23,102C
24,103A
25,304C
26,001A
27,403B
28,403C
29,401A
30,001C
31,103B
32,203C
33,401B
34,102C
35,403A
36,202A
37,302C
38,101B
39,202B
40,101A
41,303B
42,204C
43,004C
44,502B
45,502A
46,201C
47,104C
48,203B
49,004C
50,504B
51,104B
52,504A
53,202C
54,402C
55,301A
56,004C
57,004C
58,004C
59,301C
60,104C
61,204B
62,203A
63,004C
64,004C
65,002A
66,201A
67,102B
68,204B
69,202A
70,004C
71,204C
72,103C
73,004A
74,401B
75,502C
76,402B
77,401B
78,401A
79,304B
80,502C
81,501B
82,203C
83,203C
84,301A
85,302A
86,402C
87,303A
88,004C
89,004C
90,402C
91,302B
92,304C
93,503A
94,402B
95,103A
96,104C
97,004A
98,001B
99,202B
100,202C
101,503B
102,502A
103,501B
104,402A
105,403A
106,102B
107,302A
108,003C
109,204A
110,103A
111,502B
112,203A
113,401B
114,304B
115,003B
116,102A
117,103C
118,401A
119,403C
120,101B
121,401C
122,004A
123,302C
124,501B
125,401B
126,402B
127,501A
128,502C
129,003A
130,201A
131,504C
132,303A
133,501C
134,303C
135,101C
136,303A
137,503C
138,003C
139,003C
140,101B
141,504C
142,403C
143,301B
144,503B
145,102A
146,304A
147,201B
148,203B
149,304B
150,003A
151,503C
152,101B
153,503A
154,204A
155,501A
156,403B
157,203C
158,403C
159,403C
160,101A
161,003B
162,403A
163,504B
164,204A
165,501A
166,001C
167,303C
168,104A
169,504B
170,304B
171,203B
172,003B
173,204A
174,104C
175,304A
176,202A
177,403C
178,302C
179,203C
180,501C
181,503C
182,203A
183,501A
184,302C
185,003C
186,303B
187,101C
188,002A
189,104A
190,304B
191,201C
192,501C
193,104B
194,503C
195,103B
196,304A
197,501B
198,302B
199,303B
200,303C
201,102C
202,101B
203,002C
204,103C
205,103A
206,003A
207,203C
208,003A
209,402C
210,504A
211,503B
212,303B
213,102B
214,504C
215,103B
216,502B
217,301B
218,304A
219,203A
220,002C
221,001B
222,304C
223,403B
224,504A
225,103A
226,103C
227,104A
228,103B
229,303B
230,301C
231,104A
232,201B
233,004A
234,402A
235,303C
236,003B
237,403A
238,304B
239,401C
240,502C
241,302C
242,302A
243,203A
244,401C
245,303A
246,504A
247,504C
248,001A
249,304A
250,301B
251,303A
252,401B
253,003A
254,001C
255,504A
256,402A
257,001B
258,501B
259,104A
260,202C
261,304A
262,104C
263,302A
264,002C
265,103C
266,403A
267,204C
268,103B
269,201C
270,503B
271,203B
272,302B
273,302A
274,504B
275,002C
276,502B
277,102A
278,003B
279,202B
280,204A
281,503C
282,504C
283,403B
284,003C
285,101B
286,502A
287,303A
288,002B
289,403B
290,202C
291,203B
292,403B
293,402B
294,103B
295,301C
296,104B
297,203A
298,304C
299,503B
300,101A
301,303A
302,401A
303,003C
304,202C
305,204B
306,002B
307,104B
308,501A
309,503A
310,303C
311,204A
312,504B
313,403C
314,503B
315,501C
316,501A
317,102A
318,504A
319,503C
320,501C
321,504A
322,504C
323,002A
324,003A
325,201A
326,202C
327,301A
328,004A
329,001C
330,301B
331,003C
332,502A
333,304A
334,401A
335,103A
336,204B
337,201B
338,301A
339,302C
340,401C
341,501A
342,501B
343,001A
344,204B
345,003C
346,102B
347,501C
348,504A
349,002B
350,002A
351,004A
352,104C
353,504C
354,303C
355,302C
356,101C
357,502B
358,301C
359,202B
360,202A
361,402A
362,504B
363,003B
364,303B
365,304B
366,102B
367,101A
368,203C
369,202A
370,402B
371,302B
372,502C
373,303B
374,004A
375,502C
376,103C
377,104B
378,001A
379,003B
380,403C
381,501B
382,201C
383,002B
384,302A
385,302B
386,202B
387,001B
388,201B
389,502B
390,503A
391,203A
392,101A
393,301C
394,101B
395,403A
396,104C
397,401A
398,401C
399,501B
400,402C
401,102C
402,201B
403,201C
404,202C
405,503B
406,201B
407,402B
408,502A
409,103A
410,101C
411,003B
412,401B
413,304A
414,202B
415,102A
416,104B
417,201B
418,503A
419,103A
420,303B
421,002A
422,302B
423,102B
424,001C
425,001A
426,001B
427,503A
428,501C
429,401A
430,501A
431,301A
432,401B
433,501C
434,304C
435,304B
436,401C
437,102C
438,101C
439,101A
440,203C
441,402C
442,104B
443,501B
444,001C
445,402A
446,303C
447,002B
448,001A
449,502B
450,301B
451,402C
452,501C
453,401B
454,003A
455,202A
456,502A
457,501A
458,103B
459,502A
460,403A
461,503A
462,302B
463,102C
464,301A
465,101B
466,502B
467,302A
468,301A
469,502C
470,403A
471,103C
472,102A
473,002A
474,104A
475,004B
476,201C
477,203B
478,504C
479,101A
480,402A
481,503C
482,504B
483,104A
484,004B
485,004B
486,102C
487,302B
488,102C
489,004B
490,503A
491,203B
492,401A
493,402A
494,301C
495,102A
496,301B
497,004B
498,401B
499,201B
500,304C
501,004B
502,503C
503,002C
504,102B
505,101C
506,202B
507,403B
508,004B
509,402B
510,501B
511,302A
512,202B
513,204C
514,204A
515,202C
516,002B
517,401C
518,301A
519,002A
520,304C
521,101A
522,503B
523,001A
524,002B
525,101C
526,403B
527,502A
528,301B
529,301C
530,304C
531,301B
532,002B
533,101B
534,101A
535,302C
536,301A
537,003A
538,102B
539,401A
540,301B
541,301C
542,301A
543,201B
544,201A
545,202A
546,402C
547,101A
548,301B
549,004B
550,101B
551,102A
552,402C
553,002C
554,101C
555,203B
556,501A
557,401C
558,301A
559,301A
560,001C
561,002A
562,002C
563,502B
564,301B
565,401B
566,201A
567,101B
568,501B
569,001C
570,201C
571,204B
572,201B
573,401A
574,001B
575,201C
576,201A
577,501C
578,001A
579,303C
580,401A
581,501A
582,201A
583,001B
584,501B
585,504B
586,502A
587,502A
588,202A
589,501C
590,101B
591,101A
592,201A
593,401B
594,001A
595,001A
596,303A
597,001B
598,401A
599,101A
600,501C
